unitid,institution name,year,HD2019.State abbreviation,HD2019.Sector of institution,HD2019.Degree-granting status,IC2019.Open admission policy,ADM2019_RV.Secondary school GPA,ADM2019_RV.Secondary school rank,ADM2019_RV.Secondary school record,ADM2019_RV.Completion of college-preparatory program,ADM2019_RV.Recommendations,ADM2019_RV.Formal demonstration of competencies,ADM2019_RV.Admission test scores,ADM2019_RV.Applicants total,ADM2019_RV.Applicants men,ADM2019_RV.Applicants women,ADM2019_RV.Admissions total,ADM2019_RV.Admissions men,ADM2019_RV.Admissions women,DRVADM2019_RV.Percent admitted - total,DRVADM2019_RV.Percent admitted - men,DRVADM2019_RV.Percent admitted - women,ADM2019_RV.SAT Evidence-Based Reading and Writing 25th percentile score,ADM2019_RV.SAT Evidence-Based Reading and Writing 75th percentile score,ADM2019_RV.SAT Math 25th percentile score,ADM2019_RV.SAT Math 75th percentile score,ADM2019_RV.ACT Composite 25th percentile score,ADM2019_RV.ACT Composite 75th percentile score,ADM2019_RV.ACT English 25th percentile score,ADM2019_RV.ACT English 75th percentile score,ADM2019_RV.ACT Math 25th percentile score,ADM2019_RV.ACT Math 75th percentile score
108232,Academy of Art University,2019,California,"Private for-profit, 4-year or above",Degree-granting,Yes,,,,,,,,,,,,,,,,,,,,,,,,,,
108269,Academy of Chinese Culture and Health Sciences,2019,California,"Private not-for-profit, 4-year or above",Degree-granting,Not applicable,,,,,,,,,,,,,,,,,,,,,,,,,,
108861,Berkeley School of Theology,2019,California,"Private not-for-profit, 4-year or above",Degree-granting,Not applicable,,,,,,,,,,,,,,,,,,,,,,,,,,
108870,American Film Institute Conservatory,2019,California,"Private not-for-profit, 4-year or above",Degree-granting,Not applicable,,,,,,,,,,,,,,,,,,,,,,,,,,
109086,American Conservatory Theater,2019,California,"Private not-for-profit, 4-year or above",Degree-granting,No,Neither required nor recommended,Neither required nor recommended,Neither required nor recommended,Neither required nor recommended,Required,Required,Neither required nor recommended,0,0,0,,,,,,,,,,,,,,,,
109350,Antelope Valley College,2019,California,"Public, 4-year or above",Degree-granting,Yes,,,,,,,,,,,,,,,,,,,,,,,,,,
109651,Art Center College of Design,2019,California,"Private not-for-profit, 4-year or above",Degree-granting,No,Recommended,Neither required nor recommended,Required,Recommended,Considered but not required,Required,Neither required nor recommended,1015,360,655,719,222,497,71,62,76,,,,,,,,,,
109785,Azusa Pacific University,2019,California,"Private not-for-profit, 4-year or above",Degree-granting,No,Required,Recommended,Required,Recommended,Required,Neither required nor recommended,Considered but not required,8192,2856,5334,5528,1818,3710,67,64,70,520,630,510,630,20,26,19,27,18,26
109819,Bakersfield College,2019,California,"Public, 4-year or above",Degree-granting,Yes,,,,,,,,,,,,,,,,,,,,,,,,,,
110060,Bethesda University,2019,California,"Private not-for-profit, 4-year or above",Degree-granting,Yes,,,,,,,,,,,,,,,,,,,,,,,,,,
110097,Biola University,2019,California,"Private not-for-profit, 4-year or above",Degree-granting,No,Required,Neither required nor recommended,Required,Recommended,Neither required nor recommended,Neither required nor recommended,Required,4216,1399,2817,2945,972,1973,70,69,70,550,660,530,650,21,28,21,29,19,27
110316,California Institute of Integral Studies,2019,California,"Private not-for-profit, 4-year or above",Degree-granting,Not applicable,,,,,,,,,,,,,,,,,,,,,,,,,,
110361,California Baptist University,2019,California,"Private not-for-profit, 4-year or above",Degree-granting,No,Required,Recommended,Required,Recommended,Required,Neither required nor recommended,Required,8241,2843,5398,6451,2211,4240,78,78,79,500,610,490,600,18,24,17,24,17,24
110370,California College of the Arts,2019,California,"Private not-for-profit, 4-year or above",Degree-granting,No,Required,Neither required nor recommended,Required,Recommended,Required,Required,Neither required nor recommended,2578,685,1893,2192,558,1634,85,81,86,,,,,,,,,,
110398,University of California-Hastings College of Law,2019,California,"Public, 4-year or above",Degree-granting,Not applicable,,,,,,,,,,,,,,,,,,,,,,,,,,
110404,California Institute of Technology,2019,California,"Private not-for-profit, 4-year or above",Degree-granting,No,Recommended,Recommended,Required,Required,Required,Neither required nor recommended,Required,8367,6011,2356,537,272,265,6,5,11,740,760,790,800,35,36,35,36,35,36
110413,California Lutheran University,2019,California,"Private not-for-profit, 4-year or above",Degree-granting,No,Required,Recommended,Required,Required,Required,Neither required nor recommended,Required,6175,2585,3590,4410,1778,2632,71,69,73,540,630,530,620,21,27,21,27,19,27
110422,California Polytechnic State University-San Luis Obispo,2019,California,"Public, 4-year or above",Degree-granting,No,Required,Neither required nor recommended,Required,Required,Neither required nor recommended,Neither required nor recommended,Required,54072,28008,26064,15366,7012,8354,28,25,32,620,700,620,740,26,32,26,34,26,32
110468,Alliant International University-San Diego,2019,California,"Private for-profit, 4-year or above",Degree-granting,No,Required,Neither required nor recommended,Required,Neither required nor recommended,Neither required nor recommended,Neither required nor recommended,Neither required nor recommended,15,5,10,10,3,7,67,60,70,,,,,,,,,,
110486,California State University-Bakersfield,2019,California,"Public, 4-year or above",Degree-granting,No,Required,Neither required nor recommended,Required,Required,Neither required nor recommended,Neither required nor recommended,Recommended,12935,5472,7463,10440,4227,6213,81,77,83,,,,,,,,,,
110495,California State University-Stanislaus,2019,California,"Public, 4-year or above",Degree-granting,No,Required,Neither required nor recommended,Required,Required,Neither required nor recommended,Neither required nor recommended,Recommended,8764,3255,5509,7825,2828,4997,89,87,91,,,,,,,,,,
110510,California State University-San Bernardino,2019,California,"Public, 4-year or above",Degree-granting,No,Required,Neither required nor recommended,Required,Required,Neither required nor recommended,Neither required nor recommended,Required,16311,6191,10120,11183,4012,7171,69,65,71,460,550,450,540,15,19,14,19,16,19
110529,California State Polytechnic University-Pomona,2019,California,"Public, 4-year or above",Degree-granting,No,Required,Neither required nor recommended,Required,Required,Neither required nor recommended,Neither required nor recommended,Required,39726,20958,18768,21687,10044,11643,55,48,62,500,620,510,650,19,27,18,27,18,27
110538,California State University-Chico,2019,California,"Public, 4-year or above",Degree-granting,No,Required,Neither required nor recommended,Required,Required,Neither required nor recommended,Neither required nor recommended,Required,25908,11265,14643,18740,7527,11213,72,67,77,500,600,490,590,18,24,16,23,17,24
110547,California State University-Dominguez Hills,2019,California,"Public, 4-year or above",Degree-granting,No,Required,Neither required nor recommended,Required,Required,Neither required nor recommended,Neither required nor recommended,Recommended,20864,8537,12327,16066,6101,9965,77,71,81,,,,,,,,,,
110556,California State University-Fresno,2019,California,"Public, 4-year or above",Degree-granting,No,Required,Neither required nor recommended,Required,Required,Neither required nor recommended,Neither required nor recommended,Required,18123,7538,10585,10501,4121,6380,58,55,60,470,570,470,560,16,22,15,22,16,22
110565,California State University-Fullerton,2019,California,"Public, 4-year or above",Degree-granting,No,Required,Neither required nor recommended,Required,Required,Neither required nor recommended,Neither required nor recommended,Required,50105,20677,29428,26398,10163,16235,53,49,55,510,600,520,600,19,24,17,24,18,25
110574,California State University-East Bay,2019,California,"Public, 4-year or above",Degree-granting,No,Required,Neither required nor recommended,Required,Required,Neither required nor recommended,Neither required nor recommended,Recommended,16195,6291,9904,12338,4612,7726,76,73,78,,,,,,,,,,
110583,California State University-Long Beach,2019,California,"Public, 4-year or above",Degree-granting,No,Required,Neither required nor recommended,Required,Required,Neither required nor recommended,Neither required nor recommended,Required,71355,29104,42251,28019,10714,17305,39,37,41,520,620,520,630,20,26,19,26,19,26
110592,California State University-Los Angeles,2019,California,"Public, 4-year or above",Degree-granting,No,Required,Neither required nor recommended,Required,Required,Neither required nor recommended,Neither required nor recommended,Required,33641,13883,19758,16084,6229,9855,48,45,50,450,540,440,540,15,20,14,20,16,19
110608,California State University-Northridge,2019,California,"Public, 4-year or above",Degree-granting,No,Required,Neither required nor recommended,Required,Required,Neither required nor recommended,Neither required nor recommended,Required,30661,13463,17198,18194,7430,10764,59,55,63,460,570,450,560,16,22,15,22,16,22
110617,California State University-Sacramento,2019,California,"Public, 4-year or above",Degree-granting,No,Required,Neither required nor recommended,Required,Required,Neither required nor recommended,Neither required nor recommended,Required,27576,11399,16177,22685,9060,13625,82,79,84,470,570,470,570,16,22,15,22,16,22
110635,University of California-Berkeley,2019,California,"Public, 4-year or above",Degree-granting,No,Required,Neither required nor recommended,Required,Required,Considered but not required,Neither required nor recommended,Required,87847,42497,44900,14278,6019,8259,16,14,18,650,740,680,790,31,35,29,35,28,35
110644,University of California-Davis,2019,California,"Public, 4-year or above",Degree-granting,No,Required,Neither required nor recommended,Required,Required,Neither required nor recommended,Neither required nor recommended,Required,78093,35769,42324,30358,12130,18228,39,34,43,580,680,590,730,24,32,22,32,23,29
110653,University of California-Irvine,2019,California,"Public, 4-year or above",Degree-granting,No,Required,Recommended,Required,Required,Neither required nor recommended,Neither required nor recommended,Required,95565,44064,51501,25360,10967,14393,27,25,28,570,670,600,750,24,33,22,32,22,31
110662,University of California-Los Angeles,2019,California,"Public, 4-year or above",Degree-granting,No,Required,Neither required nor recommended,Required,Required,Neither required nor recommended,Recommended,Required,111321,50976,60345,13720,5933,7787,12,12,13,650,740,650,790,29,35,28,35,27,34
110671,University of California-Riverside,2019,California,"Public, 4-year or above",Degree-granting,No,Required,Neither required nor recommended,Required,Required,Neither required nor recommended,Neither required nor recommended,Required,49515,21898,27617,27984,12056,15928,57,55,58,570,650,560,680,23,30,21,29,21,28
110680,University of California-San Diego,2019,California,"Public, 4-year or above",Degree-granting,No,Required,Neither required nor recommended,Required,Required,Neither required nor recommended,Neither required nor recommended,Required,99114,45333,53781,31200,14326,16874,31,32,31,620,710,630,780,26,34,25,34,25,33
110699,University of California-San Francisco,2019,California,"Public, 4-year or above",Degree-granting,Not applicable,,,,,,,,,,,,,,,,,,,,,,,,,,
110705,University of California-Santa Barbara,2019,California,"Public, 4-year or above",Degree-granting,No,Required,Neither required nor recommended,Required,Required,Neither required nor recommended,Neither required nor recommended,Required,93446,41895,51551,27626,11715,15911,30,28,31,620,710,610,770,27,34,25,34,26,32
110714,University of California-Santa Cruz,2019,California,"Public, 4-year or above",Degree-granting,No,Required,Neither required nor recommended,Required,Required,Neither required nor recommended,Neither required nor recommended,Required,55796,25056,30740,28629,12825,15804,51,51,51,600,670,600,710,26,32,24,32,24,29
110778,Sofia University,2019,California,"Private for-profit, 4-year or above",Degree-granting,Not applicable,,,,,,,,,,,,,,,,,,,,,,,,,,
110918,California Christian College,2019,California,"Private not-for-profit, 4-year or above",Degree-granting,No,Required,Neither required nor recommended,Required,Recommended,Required,Neither required nor recommended,Recommended,1,0,1,1,,1,100,,100,,,,,,,,,,
111045,Haven University,2019,California,"Private not-for-profit, 4-year or above",Degree-granting,Yes,,,,,,,,,,,,,,,,,,,,,,,,,,
111081,California Institute of the Arts,2019,California,"Private not-for-profit, 4-year or above",Degree-granting,No,Considered but not required,Considered but not required,Required,Considered but not required,Required,Required,Neither required nor recommended,2267,771,1496,573,197,376,25,26,25,,,,,,,,,,
111188,California State University Maritime Academy,2019,California,"Public, 4-year or above",Degree-granting,No,Required,Neither required nor recommended,Required,Required,Neither required nor recommended,Neither required nor recommended,Recommended,1421,1052,369,1083,772,311,76,73,84,,,,,,,,,,
111391,California Western School of Law,2019,California,"Private not-for-profit, 4-year or above",Degree-granting,Not applicable,,,,,,,,,,,,,,,,,,,,,,,,,,
111948,Chapman University,2019,California,"Private not-for-profit, 4-year or above",Degree-granting,No,Required,Recommended,Required,Required,Required,Required,Required,14273,5509,8764,7943,2969,4974,56,54,57,600,680,590,700,25,31,25,34,24,28
111966,Charles R Drew University of Medicine and Science,2019,California,"Private not-for-profit, 4-year or above",Degree-granting,No,Required,Neither required nor recommended,Required,Recommended,Neither required nor recommended,Neither required nor recommended,Considered but not required,550,73,247,174,36,137,32,49,55,403,495,410,470,,,,,,
112075,Concordia University-Irvine,2019,California,"Private not-for-profit, 4-year or above",Degree-granting,No,Required,Considered but not required,Required,Considered but not required,Considered but not required,Considered but not required,Required,3727,1342,2385,2639,897,1742,71,67,73,490,600,500,610,18,25,18,25,17,25
112084,San Diego Christian College,2019,California,"Private not-for-profit, 4-year or above",Degree-granting,No,Required,Neither required nor recommended,Required,Neither required nor recommended,Recommended,Neither required nor recommended,Considered but not required,333,137,192,184,86,98,55,63,51,470,600,460,570,17,23,15,23,16,23
112093,Stockton Christian Life College,2019,California,"Private not-for-profit, 4-year or above",Degree-granting,No,,,,,,,,,,,,,,,,,,,,,,,,,,
112127,Church Divinity School of the Pacific,2019,California,"Private not-for-profit, 4-year or above",Degree-granting,Not applicable,,,,,,,,,,,,,,,,,,,,,,,,,,
112251,Claremont Graduate University,2019,California,"Private not-for-profit, 4-year or above",Degree-granting,Not applicable,,,,,,,,,,,,,,,,,,,,,,,,,,
112260,Claremont McKenna College,2019,California,"Private not-for-profit, 4-year or above",Degree-granting,No,Recommended,Recommended,Required,Required,Required,Neither required nor recommended,Required,6066,2872,3194,625,291,334,10,10,10,670,730,690,780,31,34,32,35,29,34
112394,Cogswell University of Silicon Valley,2019,California,"Private for-profit, 4-year or above",Degree-granting,No,Recommended,Neither required nor recommended,Required,Neither required nor recommended,Recommended,Required,Recommended,458,338,120,226,166,60,49,49,50,,,,,,,,,,
112525,Western University of Health Sciences,2019,California,"Private not-for-profit, 4-year or above",Degree-granting,Not applicable,,,,,,,,,,,,,,,,,,,,,,,,,,
112570,Columbia College Hollywood,2019,California,"Private not-for-profit, 4-year or above",Degree-granting,Yes,,,,,,,,,,,,,,,,,,,,,,,,,,
113236,Cypress College,2019,California,"Public, 4-year or above",Degree-granting,Yes,,,,,,,,,,,,,,,,,,,,,,,,,,
113537,Dell'Arte International School of Physical Theatre,2019,California,"Private not-for-profit, 4-year or above",Degree-granting,Yes,,,,,,,,,,,,,,,,,,,,,,,,,,
113582,Design Institute of San Diego,2019,California,"Private for-profit, 4-year or above",Degree-granting,No,Required,Considered but not required,Required,Neither required nor recommended,Required,Considered but not required,Neither required nor recommended,15,2,13,13,2,11,87,100,85,,,,,,,,,,
113698,Dominican University of California,2019,California,"Private not-for-profit, 4-year or above",Degree-granting,No,Required,Recommended,Required,Recommended,Required,Recommended,Required,2033,544,1489,1857,494,1363,91,91,92,520,610,510,610,20,25,19,24,19,25
113704,Dominican School of Philosophy & Theology,2019,California,"Private not-for-profit, 4-year or above",Degree-granting,Not applicable,,,,,,,,,,,,,,,,,,,,,,,,,,
114114,Emperor's College of Traditional Oriental Medicine,2019,California,"Private for-profit, 4-year or above",Degree-granting,Not applicable,,,,,,,,,,,,,,,,,,,,,,,,,,
114123,Empire College,2019,California,"Private for-profit, 4-year or above",Degree-granting,Yes,,,,,,,,,,,,,,,,,,,,,,,,,,
114354,FIDM-Fashion Institute of Design & Merchandising-Los Angeles,2019,California,"Private for-profit, 4-year or above",Degree-granting,No,Required,Recommended,Required,Recommended,Required,Required,Recommended,1849,321,1528,670,117,553,36,36,36,,,,,,,,,,
114390,FIDM-Fashion Institute of Design & Merchandising-San Francisco,2019,California,"Private for-profit, 4-year or above",Degree-granting,No,Required,Recommended,Required,Recommended,Required,Required,Recommended,165,37,128,67,12,55,41,32,43,,,,,,,,,,
114433,Feather River Community College District,2019,California,"Public, 4-year or above",Degree-granting,Yes,,,,,,,,,,,,,,,,,,,,,,,,,,
114549,Fielding Graduate University,2019,California,"Private not-for-profit, 4-year or above",Degree-granting,Not applicable,,,,,,,,,,,,,,,,,,,,,,,,,,
114585,Five Branches University,2019,California,"Private for-profit, 4-year or above",Degree-granting,Not applicable,,,,,,,,,,,,,,,,,,,,,,,,,,
114716,Foothill College,2019,California,"Public, 4-year or above",Degree-granting,Yes,,,,,,,,,,,,,,,,,,,,,,,,,,
114734,Franciscan School of Theology,2019,California,"Private not-for-profit, 4-year or above",Degree-granting,Not applicable,,,,,,,,,,,,,,,,,,,,,,,,,,
114813,Fresno Pacific University,2019,California,"Private not-for-profit, 4-year or above",Degree-granting,No,Required,Recommended,Required,Neither required nor recommended,Required,Neither required nor recommended,Required,964,305,659,637,220,417,66,72,63,470,580,460,570,16,24,15,22,16,23
114840,Fuller Theological Seminary,2019,California,"Private not-for-profit, 4-year or above",Degree-granting,Not applicable,,,,,,,,,,,,,,,,,,,,,,,,,,
115010,Glendale Career College,2019,California,"Private for-profit, 4-year or above",Degree-granting,Yes,,,,,,,,,,,,,,,,,,,,,,,,,,
115083,Golden Gate University-San Francisco,2019,California,"Private not-for-profit, 4-year or above",Degree-granting,Not applicable,,,,,,,,,,,,,,,,,,,,,,,,,,
115214,Graduate Theological Union,2019,California,"Private not-for-profit, 4-year or above",Degree-granting,Not applicable,,,,,,,,,,,,,,,,,,,,,,,,,,
115409,Harvey Mudd College,2019,California,"Private not-for-profit, 4-year or above",Degree-granting,No,Considered but not required,Considered but not required,Required,Required,Required,Neither required nor recommended,Required,4045,2815,1230,553,260,293,14,9,24,710,770,780,800,33,35,35,36,34,36
115728,Holy Names University,2019,California,"Private not-for-profit, 4-year or above",Degree-granting,No,Required,Recommended,Required,Recommended,Required,Neither required nor recommended,Required,2441,840,1601,1544,475,1069,63,57,67,280,330,440,550,18,21,18,22,17,22
115746,Pacifica Graduate Institute,2019,California,"Private for-profit, 4-year or above",Degree-granting,Not applicable,,,,,,,,,,,,,,,,,,,,,,,,,,
115755,Humboldt State University,2019,California,"Public, 4-year or above",Degree-granting,No,Required,Neither required nor recommended,Required,Required,Neither required nor recommended,Neither required nor recommended,Required,15178,6896,8282,13989,6347,7642,92,92,92,490,610,480,590,17,25,16,25,17,24
115773,Humphreys University-Stockton and Modesto Campuses,2019,California,"Private not-for-profit, 4-year or above",Degree-granting,Yes,,,,,,,,,,,,,,,,,,,,,,,,,,
116226,Interior Designers Institute,2019,California,"Private for-profit, 4-year or above",Degree-granting,Yes,,,,,,,,,,,,,,,,,,,,,,,,,,
116712,John F. Kennedy University,2019,California,"Private not-for-profit, 4-year or above",Degree-granting,No,Required,Neither required nor recommended,Required,Neither required nor recommended,Neither required nor recommended,Neither required nor recommended,Neither required nor recommended,22,5,17,22,5,17,100,100,100,,,,,,,,,,
116846,American Jewish University,2019,California,"Private not-for-profit, 4-year or above",Degree-granting,Not applicable,,,,,,,,,,,,,,,,,,,,,,,,,,
117104,Life Pacific University,2019,California,"Private not-for-profit, 4-year or above",Degree-granting,No,Required,Neither required nor recommended,Required,Neither required nor recommended,Required,Neither required nor recommended,Required,139,58,81,127,52,75,91,90,93,460,572,430,540,15,19,13,20,15,18
117140,University of La Verne,2019,California,"Private not-for-profit, 4-year or above",Degree-granting,No,Required,Recommended,Required,Required,Required,Recommended,Considered but not required,6864,2519,4345,3763,1355,2408,55,54,55,520,600,520,590,19,24,18,25,17,23
117168,Laguna College of Art and Design,2019,California,"Private not-for-profit, 4-year or above",Degree-granting,No,Required,Neither required nor recommended,Required,Neither required nor recommended,Recommended,Required,Recommended,431,92,339,349,65,284,81,71,84,,,,,,,,,,
117520,Life Chiropractic College West,2019,California,"Private not-for-profit, 4-year or above",Degree-granting,Not applicable,,,,,,,,,,,,,,,,,,,,,,,,,,
117548,Lincoln Law School of Sacramento,2019,California,"Private for-profit, 4-year or above",Degree-granting,Not applicable,,,,,,,,,,,,,,,,,,,,,,,,,,
117557,Lincoln University,2019,California,"Private not-for-profit, 4-year or above",Degree-granting,Yes,,,,,,,,,,,,,,,,,,,,,,,,,,
117575,Southern California Seminary,2019,California,"Private not-for-profit, 4-year or above",Degree-granting,Yes,,,,,,,,,,,,,,,,,,,,,,,,,,
117627,La Sierra University,2019,California,"Private not-for-profit, 4-year or above",Degree-granting,No,Required,Neither required nor recommended,Required,Required,Neither required nor recommended,Neither required nor recommended,Required,5399,1892,3507,2980,979,2001,55,52,57,460,580,450,570,16,24,13,26,16,24
117636,Loma Linda University,2019,California,"Private not-for-profit, 4-year or above",Degree-granting,Not applicable,,,,,,,,,,,,,,,,,,,,,,,,,,
117672,Southern California University of Health Sciences,2019,California,"Private not-for-profit, 4-year or above",Degree-granting,Yes,,,,,,,,,,,,,,,,,,,,,,,,,,
117751,The Master's University and Seminary,2019,California,"Private not-for-profit, 4-year or above",Degree-granting,No,Required,Recommended,Required,Required,Required,Neither required nor recommended,Considered but not required,660,317,343,443,213,230,67,67,67,,,,,,,,,,
117946,Loyola Marymount University,2019,California,"Private not-for-profit, 4-year or above",Degree-granting,No,Required,Recommended,Required,Required,Required,Neither required nor recommended,Required,18592,7425,11167,8150,3378,4772,44,45,43,620,700,610,710,27,31,27,34,25,30
118541,Marymount California University,2019,California,"Private not-for-profit, 4-year or above",Degree-granting,Yes,,,,,,,,,,,,,,,,,,,,,,,,,,
118693,Menlo College,2019,California,"Private not-for-profit, 4-year or above",Degree-granting,No,Required,Recommended,Required,Required,Required,Neither required nor recommended,Neither required nor recommended,3039,1379,1660,1906,860,1046,63,62,63,,,,,,,,,,
118888,Mills College,2019,California,"Private not-for-profit, 4-year or above",Degree-granting,No,Required,Recommended,Required,Recommended,Required,Neither required nor recommended,Considered but not required,1064,28,1036,807,1,806,76,4,78,505,675,500,615,19,29,21,32,18,25
118912,MiraCosta College,2019,California,"Public, 4-year or above",Degree-granting,Yes,,,,,,,,,,,,,,,,,,,,,,,,,,
118976,Modesto Junior College,2019,California,"Public, 4-year or above",Degree-granting,Yes,,,,,,,,,,,,,,,,,,,,,,,,,,
119058,Middlebury Institute of International Studies at Monterey,2019,California,"Private not-for-profit, 4-year or above",Degree-granting,Not applicable,,,,,,,,,,,,,,,,,,,,,,,,,,
119173,Mount Saint Mary's University,2019,California,"Private not-for-profit, 4-year or above",Degree-granting,No,Required,Recommended,Required,Recommended,Required,Neither required nor recommended,Required,2165,60,2105,1941,41,1900,90,68,90,470,590,450,580,17,22,,,,
119270,Musicians Institute,2019,California,"Private for-profit, 4-year or above",Degree-granting,No,Recommended,Neither required nor recommended,Required,Recommended,Recommended,Required,Recommended,620,496,124,426,345,81,69,70,65,,,,,,,,,,
119605,National University,2019,California,"Private not-for-profit, 4-year or above",Degree-granting,No,Required,Considered but not required,Considered but not required,Neither required nor recommended,Neither required nor recommended,Considered but not required,Considered but not required,171,92,79,153,84,69,89,91,87,370,600,380,570,,,,,,
119678,Naval Postgraduate School,2019,California,"Public, 4-year or above",Degree-granting,Not applicable,,,,,,,,,,,,,,,,,,,,,,,,,,
119775,Newschool of Architecture and Design,2019,California,"Private for-profit, 4-year or above",Degree-granting,No,Required,Neither required nor recommended,Required,Neither required nor recommended,Neither required nor recommended,Required,Neither required nor recommended,61,29,32,60,28,32,98,97,100,,,,,,,,,,
120166,Northwestern Polytechnic University,2019,California,"Private not-for-profit, 4-year or above",Degree-granting,No,Required,Neither required nor recommended,Required,Neither required nor recommended,Neither required nor recommended,Neither required nor recommended,Required,4,4,0,1,1,,25,25,,,,,,,,,,,
120184,Notre Dame de Namur University,2019,California,"Private not-for-profit, 4-year or above",Degree-granting,No,Required,Recommended,Required,Recommended,Considered but not required,Neither required nor recommended,Required,1810,654,1156,1809,653,1156,100,100,100,450,550,440,530,17,20,15,20,16,19
120254,Occidental College,2019,California,"Private not-for-profit, 4-year or above",Degree-granting,No,Considered but not required,Considered but not required,Required,Recommended,Required,Neither required nor recommended,Required,7501,2910,4591,2752,1038,1714,37,36,37,650,730,650,750,28,32,30,35,26,31
120403,Otis College of Art and Design,2019,California,"Private not-for-profit, 4-year or above",Degree-granting,No,Considered but not required,Neither required nor recommended,Considered but not required,Recommended,Considered but not required,Required,Considered but not required,2442,631,1811,1909,449,1460,78,71,81,,,,,23,29,23,31,20,28
120537,Hope International University,2019,California,"Private not-for-profit, 4-year or above",Degree-granting,No,Required,Considered but not required,Required,Recommended,Required,Neither required nor recommended,Required,685,258,427,252,91,161,37,35,38,450,530,460,540,16,23,14,23,19,23
120698,Palo Alto University,2019,California,"Private not-for-profit, 4-year or above",Degree-granting,Not applicable,,,,,,,,,,,,,,,,,,,,,,,,,,
120768,Pacific Oaks College,2019,California,"Private not-for-profit, 4-year or above",Degree-granting,No,Required,Required,Required,Considered but not required,Considered but not required,Neither required nor recommended,Neither required nor recommended,333,39,294,17,1,16,5,3,5,,,,,,,,,,
120795,Pacific School of Religion,2019,California,"Private not-for-profit, 4-year or above",Degree-granting,Not applicable,,,,,,,,,,,,,,,,,,,,,,,,,,
120838,Pacific States University,2019,California,"Private not-for-profit, 4-year or above",Degree-granting,Yes,,,,,,,,,,,,,,,,,,,,,,,,,,
120865,Pacific Union College,2019,California,"Private not-for-profit, 4-year or above",Degree-granting,No,Required,Recommended,Required,Recommended,Considered but not required,Recommended,Required,1658,606,1052,884,336,548,53,55,52,470,600,460,590,17,25,17,24,16,24
120883,University of the Pacific,2019,California,"Private not-for-profit, 4-year or above",Degree-granting,No,Required,Neither required nor recommended,Required,Recommended,Recommended,Neither required nor recommended,Required,13096,4979,8117,8592,3272,5320,66,66,66,550,660,570,700,23,31,22,33,22,30
121150,Pepperdine University,2019,California,"Private not-for-profit, 4-year or above",Degree-granting,No,Required,Neither required nor recommended,Required,Recommended,Required,Neither required nor recommended,Required,12764,4598,8166,4049,1632,2417,32,35,30,610,700,620,750,27,32,28,35,25,30
121257,Pitzer College,2019,California,"Private not-for-profit, 4-year or above",Degree-granting,No,Required,Neither required nor recommended,Required,Recommended,Required,Neither required nor recommended,Neither required nor recommended,4415,1420,2995,605,240,365,14,17,12,,,,,,,,,,
121275,Platt College-San Diego,2019,California,"Private for-profit, 4-year or above",Degree-granting,Yes,,,,,,,,,,,,,,,,,,,,,,,,,,
121309,Point Loma Nazarene University,2019,California,"Private not-for-profit, 4-year or above",Degree-granting,No,Required,Recommended,Required,Required,Required,Neither required nor recommended,Required,3277,1009,2268,2414,863,1551,74,86,68,580,650,560,660,24,29,23,31,23,28
121345,Pomona College,2019,California,"Private not-for-profit, 4-year or above",Degree-granting,No,Considered but not required,Considered but not required,Required,Required,Required,Neither required nor recommended,Required,10401,4067,6334,770,382,388,7,9,6,690,750,700,790,32,35,34,36,29,35
121619,Santa Ana College,2019,California,"Public, 4-year or above",Degree-granting,Yes,,,,,,,,,,,,,,,,,,,,,,,,,,
121628,Pardee RAND Graduate School,2019,California,"Private not-for-profit, 4-year or above",Degree-granting,Not applicable,,,,,,,,,,,,,,,,,,,,,,,,,,
121691,University of Redlands,2019,California,"Private not-for-profit, 4-year or above",Degree-granting,No,Required,Considered but not required,Required,Considered but not required,Required,Neither required nor recommended,Required,4621,1936,2685,3531,1429,2102,76,74,78,540,640,530,630,23,28,22,29,20,26
121886,Rio Hondo College,2019,California,"Public, 4-year or above",Degree-granting,Yes,,,,,,,,,,,,,,,,,,,,,,,,,,
122117,Dongguk University Los Angeles,2019,California,"Private not-for-profit, 4-year or above",Degree-granting,Not applicable,,,,,,,,,,,,,,,,,,,,,,,,,,
122296,Samuel Merritt University,2019,California,"Private not-for-profit, 4-year or above",Degree-granting,Not applicable,,,,,,,,,,,,,,,,,,,,,,,,,,
122375,San Diego Mesa College,2019,California,"Public, 4-year or above",Degree-granting,Yes,,,,,,,,,,,,,,,,,,,,,,,,,,
122409,San Diego State University,2019,California,"Public, 4-year or above",Degree-granting,No,Required,Neither required nor recommended,Required,Required,Neither required nor recommended,Neither required nor recommended,Required,70048,29050,40998,23905,9580,14325,34,33,35,560,650,550,670,22,29,21,29,21,27
122436,University of San Diego,2019,California,"Private not-for-profit, 4-year or above",Degree-granting,No,Required,Recommended,Required,Required,Required,Neither required nor recommended,Required,13755,5515,8240,6697,2499,4198,49,45,51,600,680,590,690,26,31,26,33,24,29
122454,San Francisco Art Institute,2019,California,"Private not-for-profit, 4-year or above",Degree-granting,No,Required,Neither required nor recommended,Required,Neither required nor recommended,Recommended,Required,Neither required nor recommended,269,79,190,243,62,181,90,78,95,,,,,,,,,,
122506,San Francisco Conservatory of Music,2019,California,"Private not-for-profit, 4-year or above",Degree-granting,No,Required,Recommended,Required,Recommended,Required,Required,Neither required nor recommended,475,258,217,226,126,100,48,49,46,,,,,,,,,,
122597,San Francisco State University,2019,California,"Public, 4-year or above",Degree-granting,No,Required,Neither required nor recommended,Required,Required,Neither required nor recommended,Neither required nor recommended,Required,34629,13399,21230,23307,9051,14256,67,68,67,470,580,470,570,17,23,16,23,16,22
122603,University of Redlands Graduate School of Theology,2019,California,"Private not-for-profit, 4-year or above",Degree-granting,Not applicable,,,,,,,,,,,,,,,,,,,,,,,,,,
122612,University of San Francisco,2019,California,"Private not-for-profit, 4-year or above",Degree-granting,No,Required,Neither required nor recommended,Required,Required,Required,Neither required nor recommended,Considered but not required,21867,6854,15013,14086,4470,9616,64,65,64,570,660,560,670,23,29,23,32,22,28
122649,San Joaquin College of Law,2019,California,"Private not-for-profit, 4-year or above",Degree-granting,Not applicable,,,,,,,,,,,,,,,,,,,,,,,,,,
122685,San Joaquin Valley College-Visalia,2019,California,"Private for-profit, 4-year or above",Degree-granting,Yes,,,,,,,,,,,,,,,,,,,,,,,,,,
122728,William Jessup University,2019,California,"Private not-for-profit, 4-year or above",Degree-granting,No,Required,Recommended,Required,Recommended,Considered but not required,Neither required nor recommended,Required,775,303,472,504,202,302,65,67,64,480,610,470,600,18,25,17,25,17,24
122755,San Jose State University,2019,California,"Public, 4-year or above",Degree-granting,No,Required,Neither required nor recommended,Required,Required,Neither required nor recommended,Neither required nor recommended,Required,35307,17435,17872,22446,9939,12507,64,57,70,510,620,510,640,18,27,17,26,17,26
122834,Santa Barbara Business College-Bakersfield,2019,California,"Private for-profit, 4-year or above",Degree-granting,Yes,,,,,,,,,,,,,,,,,,,,,,,,,,
122852,Santa Barbara Business College-Santa Maria,2019,California,"Private for-profit, 4-year or above",Degree-granting,Yes,,,,,,,,,,,,,,,,,,,,,,,,,,
122931,Santa Clara University,2019,California,"Private not-for-profit, 4-year or above",Degree-granting,No,Required,Considered but not required,Required,Required,Required,Neither required nor recommended,Required,16300,7737,8563,7958,3612,4346,49,47,51,630,700,650,740,28,32,,,,
122977,Santa Monica College,2019,California,"Public, 4-year or above",Degree-granting,Yes,,,,,,,,,,,,,,,,,,,,,,,,,,
123095,Saybrook University,2019,California,"Private not-for-profit, 4-year or above",Degree-granting,Not applicable,,,,,,,,,,,,,,,,,,,,,,,,,,
123165,Scripps College,2019,California,"Private not-for-profit, 4-year or above",Degree-granting,No,Required,Considered but not required,Required,Recommended,Required,Neither required nor recommended,Required,3022,0,3022,967,,967,32,,32,673,740,660,750,30,33,32,35,27,32
123280,Shasta Bible College and Graduate School,2019,California,"Private not-for-profit, 4-year or above",Degree-granting,No,Required,Recommended,Required,Neither required nor recommended,Required,Neither required nor recommended,Recommended,2,1,1,2,1,1,100,100,100,,,,,,,,,,
123299,Shasta College,2019,California,"Public, 4-year or above",Degree-granting,Yes,,,,,,,,,,,,,,,,,,,,,,,,,,
123448,Trinity Law School,2019,California,"Private not-for-profit, 4-year or above",Degree-granting,Not applicable,,,,,,,,,,,,,,,,,,,,,,,,,,
123457,Simpson University,2019,California,"Private not-for-profit, 4-year or above",Degree-granting,No,Required,Recommended,Required,Recommended,Considered but not required,Neither required nor recommended,Required,648,224,424,339,117,222,52,52,52,460,580,470,560,17,23,17,23,16,24
123509,Skyline College,2019,California,"Public, 4-year or above",Degree-granting,Yes,,,,,,,,,,,,,,,,,,,,,,,,,,
123554,Saint Mary's College of California,2019,California,"Private not-for-profit, 4-year or above",Degree-granting,No,Required,Recommended,Required,Required,Required,Neither required nor recommended,Required,6069,2295,3774,4916,1834,3082,81,80,82,540,630,520,610,22,28,22,31,19,26
123563,Solano Community College,2019,California,"Public, 4-year or above",Degree-granting,Yes,,,,,,,,,,,,,,,,,,,,,,,,,,
123572,Sonoma State University,2019,California,"Public, 4-year or above",Degree-granting,No,Required,Neither required nor recommended,Required,Required,Neither required nor recommended,Neither required nor recommended,Required,15094,5488,9606,13764,4885,8879,91,89,92,490,590,480,580,17,23,16,23,16,23
123633,South Baylo University,2019,California,"Private not-for-profit, 4-year or above",Degree-granting,Not applicable,,,,,,,,,,,,,,,,,,,,,,,,,,
123651,Vanguard University of Southern California,2019,California,"Private not-for-profit, 4-year or above",Degree-granting,No,Required,Recommended,Required,Recommended,Considered but not required,Neither required nor recommended,Required,3976,997,2979,1966,503,1463,49,50,49,490,590,480,570,18,24,,,,
123855,St John's Seminary,2019,California,"Private not-for-profit, 4-year or above",Degree-granting,Not applicable,,,,,,,,,,,,,,,,,,,,,,,,,,
123916,Starr King School for the Ministry,2019,California,"Private not-for-profit, 4-year or above",Degree-granting,Not applicable,,,,,,,,,,,,,,,,,,,,,,,,,,
123943,Marshall B Ketchum University,2019,California,"Private not-for-profit, 4-year or above",Degree-granting,Not applicable,,,,,,,,,,,,,,,,,,,,,,,,,,
123952,Southern California Institute of Architecture,2019,California,"Private not-for-profit, 4-year or above",Degree-granting,Yes,,,,,,,,,,,,,,,,,,,,,,,,,,
123961,University of Southern California,2019,California,"Private not-for-profit, 4-year or above",Degree-granting,No,Required,Neither required nor recommended,Required,Required,Required,Required,Required,66198,30614,35584,7558,3535,4023,11,12,11,670,740,690,790,31,34,32,35,28,34
123970,Southwestern Law School,2019,California,"Private not-for-profit, 4-year or above",Degree-granting,Not applicable,,,,,,,,,,,,,,,,,,,,,,,,,,
124283,Claremont School of Theology,2019,California,"Private not-for-profit, 4-year or above",Degree-granting,Not applicable,,,,,,,,,,,,,,,,,,,,,,,,,,
124292,Thomas Aquinas College,2019,California,"Private not-for-profit, 4-year or above",Degree-granting,No,Required,Considered but not required,Required,Required,Required,Considered but not required,Required,204,88,116,161,72,89,79,82,77,590,710,560,680,26,31,26,35,24,27
124487,Epic Bible College,2019,California,"Private not-for-profit, 4-year or above",Degree-granting,Yes,,,,,,,,,,,,,,,,,,,,,,,,,,
125037,The Santa Barbara and Ventura Colleges of Law at Ventura,2019,California,"Private not-for-profit, 4-year or above",Degree-granting,Not applicable,,,,,,,,,,,,,,,,,,,,,,,,,,
125471,West Los Angeles College,2019,California,"Public, 4-year or above",Degree-granting,Yes,,,,,,,,,,,,,,,,,,,,,,,,,,
125718,Westminster Theological Seminary in California,2019,California,"Private not-for-profit, 4-year or above",Degree-granting,Not applicable,,,,,,,,,,,,,,,,,,,,,,,,,,
125727,Westmont College,2019,California,"Private not-for-profit, 4-year or above",Degree-granting,No,Required,Recommended,Required,Required,Required,Neither required nor recommended,Required,3074,1015,2059,1992,692,1300,65,68,63,560,670,540,660,21,30,22,33,20,29
125763,Whittier College,2019,California,"Private not-for-profit, 4-year or above",Degree-granting,No,Required,Neither required nor recommended,Required,Required,Required,Neither required nor recommended,Considered but not required,7233,2784,4449,4131,1574,2557,57,57,57,528,620,510,600,20,26,,,,
125897,Woodbury University,2019,California,"Private not-for-profit, 4-year or above",Degree-granting,No,Required,Neither required nor recommended,Required,Recommended,Considered but not required,Recommended,Considered but not required,1907,700,1207,1265,469,796,66,67,66,470,620,470,600,17,27,16,28,17,25
126012,The Wright Institute,2019,California,"Private not-for-profit, 4-year or above",Degree-granting,Not applicable,,,,,,,,,,,,,,,,,,,,,,,,,,
126049,Thomas Jefferson School of Law,2019,California,"Private not-for-profit, 4-year or above",Degree-granting,Not applicable,,,,,,,,,,,,,,,,,,,,,,,,,,
126076,Yeshiva Ohr Elchonon Chabad West Coast Talmudical Seminary,2019,California,"Private not-for-profit, 4-year or above",Degree-granting,No,Neither required nor recommended,Neither required nor recommended,Neither required nor recommended,Required,Required,Neither required nor recommended,Neither required nor recommended,76,76,0,62,62,,82,82,,,,,,,,,,,
154022,Ashford University,2019,California,"Private for-profit, 4-year or above",Degree-granting,Yes,,,,,,,,,,,,,,,,,,,,,,,,,,
243744,Stanford University,2019,California,"Private not-for-profit, 4-year or above",Degree-granting,No,Recommended,Neither required nor recommended,Required,Recommended,Required,Neither required nor recommended,Required,47498,24902,22596,2062,987,1075,4,4,5,700,770,740,800,32,35,34,36,30,35
245838,Antioch University-Los Angeles,2019,California,"Private not-for-profit, 4-year or above",Degree-granting,Not applicable,,,,,,,,,,,,,,,,,,,,,,,,,,
245847,Antioch University-Santa Barbara,2019,California,"Private not-for-profit, 4-year or above",Degree-granting,Not applicable,,,,,,,,,,,,,,,,,,,,,,,,,,
260789,Platt College-Los Angeles,2019,California,"Private for-profit, 4-year or above",Degree-granting,Yes,,,,,,,,,,,,,,,,,,,,,,,,,,
262022,Bethel Seminary-San Diego,2019,California,"Private not-for-profit, 4-year or above",Degree-granting,Not applicable,,,,,,,,,,,,,,,,,,,,,,,,,,
262086,Brandman University,2019,California,"Private not-for-profit, 4-year or above",Degree-granting,No,Required,Neither required nor recommended,Required,Neither required nor recommended,Neither required nor recommended,Required,Neither required nor recommended,84,37,47,75,33,42,89,89,89,,,,,,,,,,
366711,California State University-San Marcos,2019,California,"Public, 4-year or above",Degree-granting,No,Required,Neither required nor recommended,Required,Required,Neither required nor recommended,Neither required nor recommended,Required,17349,6383,10966,10699,3947,6752,62,62,62,480,570,470,570,17,22,15,22,16,22
367954,University of St. Augustine for Health Sciences,2019,California,"Private for-profit, 4-year or above",Degree-granting,Not applicable,,,,,,,,,,,,,,,,,,,,,,,,,,
372073,Fremont College,2019,California,"Private for-profit, 4-year or above",Degree-granting,Yes,,,,,,,,,,,,,,,,,,,,,,,,,,
378576,Pacific College of Health and Science,2019,California,"Private for-profit, 4-year or above",Degree-granting,Yes,,,,,,,,,,,,,,,,,,,,,,,,,,
384306,Acupuncture and Integrative Medicine College-Berkeley,2019,California,"Private not-for-profit, 4-year or above",Degree-granting,Not applicable,,,,,,,,,,,,,,,,,,,,,,,,,,
398130,Mt Sierra College,2019,California,"Private for-profit, 4-year or above",Degree-granting,,,,,,,,,,,,,,,,,,,,,,,,,,,
399869,Southern California Institute of Technology,2019,California,"Private for-profit, 4-year or above",Degree-granting,Yes,,,,,,,,,,,,,,,,,,,,,,,,,,
399911,Soka University of America,2019,California,"Private not-for-profit, 4-year or above",Degree-granting,No,Required,Recommended,Required,Required,Required,Considered but not required,Required,504,154,350,202,71,131,40,46,37,590,680,650,750,26,32,25,34,25,32
401223,World Mission University,2019,California,"Private not-for-profit, 4-year or above",Degree-granting,Yes,,,,,,,,,,,,,,,,,,,,,,,,,,
401250,Yo San University of Traditional Chinese Medicine,2019,California,"Private not-for-profit, 4-year or above",Degree-granting,Not applicable,,,,,,,,,,,,,,,,,,,,,,,,,,
409698,California State University-Monterey Bay,2019,California,"Public, 4-year or above",Degree-granting,No,Required,Neither required nor recommended,Required,Required,Neither required nor recommended,Neither required nor recommended,Required,12327,4451,7876,9280,3155,6125,75,71,78,485,600,470,570,17,23,15,23,16,22
422695,Pacific College,2019,California,"Private for-profit, 4-year or above",Degree-granting,No,Neither required nor recommended,Neither required nor recommended,Required,Neither required nor recommended,Neither required nor recommended,Neither required nor recommended,Neither required nor recommended,29,7,22,19,6,13,66,86,59,,,,,,,,,,
432384,Platt College-Ontario,2019,California,"Private for-profit, 4-year or above",Degree-granting,Yes,,,,,,,,,,,,,,,,,,,,,,,,,,
433004,American University of Health Sciences,2019,California,"Private for-profit, 4-year or above",Degree-granting,Yes,,,,,,,,,,,,,,,,,,,,,,,,,,
433013,Career Networks Institute,2019,California,"Private for-profit, 4-year or above",Degree-granting,Yes,,,,,,,,,,,,,,,,,,,,,,,,,,
433420,California Aeronautical University,2019,California,"Private for-profit, 4-year or above",Degree-granting,Yes,,,,,,,,,,,,,,,,,,,,,,,,,,
436429,Los Angeles Film School,2019,California,"Private for-profit, 4-year or above",Degree-granting,Yes,,,,,,,,,,,,,,,,,,,,,,,,,,
439871,PCI College,2019,California,"Private for-profit, 4-year or above",Degree-granting,Yes,,,,,,,,,,,,,,,,,,,,,,,,,,
440031,Keck Graduate Institute,2019,California,"Private not-for-profit, 4-year or above",Degree-granting,Not applicable,,,,,,,,,,,,,,,,,,,,,,,,,,
441229,West Coast Ultrasound Institute,2019,California,"Private for-profit, 4-year or above",Degree-granting,Yes,,,,,,,,,,,,,,,,,,,,,,,,,,
441238,Irell & Manella Graduate School of Biological Sciences at City of Hope,2019,California,"Private not-for-profit, 4-year or above",Degree-granting,Not applicable,,,,,,,,,,,,,,,,,,,,,,,,,,
441937,California State University-Channel Islands,2019,California,"Public, 4-year or above",Degree-granting,No,Required,Neither required nor recommended,Required,Required,Neither required nor recommended,Neither required nor recommended,Recommended,11894,4088,7806,10204,3382,6822,86,83,87,,,,,,,,,,
442930,University of Antelope Valley,2019,California,"Private for-profit, 4-year or above",Degree-granting,Yes,,,,,,,,,,,,,,,,,,,,,,,,,,
443128,International Technological University,2019,California,"Private not-for-profit, 4-year or above",Degree-granting,Not applicable,,,,,,,,,,,,,,,,,,,,,,,,,,
443331,West Coast University-Los Angeles,2019,California,"Private for-profit, 4-year or above",Degree-granting,Yes,,,,,,,,,,,,,,,,,,,,,,,,,,
444130,Northcentral University,2019,California,"Private not-for-profit, 4-year or above",Degree-granting,Not applicable,,,,,,,,,,,,,,,,,,,,,,,,,,
444325,ATI College-Norwalk,2019,California,"Private for-profit, 4-year or above",Degree-granting,Yes,,,,,,,,,,,,,,,,,,,,,,,,,,
445188,University of California-Merced,2019,California,"Public, 4-year or above",Degree-granting,No,Required,Neither required nor recommended,Required,Required,Neither required nor recommended,Neither required nor recommended,Required,25424,11251,14173,18294,8008,10286,72,71,73,500,590,500,590,19,25,17,22,18,24
446385,Los Angeles College of Music,2019,California,"Private for-profit, 4-year or above",Degree-granting,No,Required,Neither required nor recommended,Required,Neither required nor recommended,Considered but not required,Required,Neither required nor recommended,246,129,117,174,87,87,71,67,74,,,,,,,,,,
446561,Stanbridge University,2019,California,"Private for-profit, 4-year or above",Degree-granting,No,Considered but not required,Neither required nor recommended,Required,Considered but not required,Considered but not required,Required,Neither required nor recommended,210,60,150,133,28,105,63,47,70,,,,,,,,,,
447050,United States University,2019,California,"Private for-profit, 4-year or above",Degree-granting,Yes,,,,,,,,,,,,,,,,,,,,,,,,,,
447458,SAE Expression College,2019,California,"Private for-profit, 4-year or above",Degree-granting,Yes,,,,,,,,,,,,,,,,,,,,,,,,,,
447801,University of East-West Medicine,2019,California,"Private for-profit, 4-year or above",Degree-granting,Not applicable,,,,,,,,,,,,,,,,,,,,,,,,,,
447953,SUM Bible College and Theological Seminary,2019,California,"Private not-for-profit, 4-year or above",Degree-granting,No,Required,Considered but not required,Required,Neither required nor recommended,Required,Recommended,Neither required nor recommended,144,74,70,137,69,68,95,93,97,,,,,,,,,,
449384,Gnomon,2019,California,"Private for-profit, 4-year or above",Degree-granting,No,Neither required nor recommended,Neither required nor recommended,Required,Neither required nor recommended,Neither required nor recommended,Required,Neither required nor recommended,28,18,10,12,7,5,43,39,50,,,,,,,,,,
449870,University of the West,2019,California,"Private not-for-profit, 4-year or above",Degree-granting,Yes,,,,,,,,,,,,,,,,,,,,,,,,,,
450979,Trident University International,2019,California,"Private for-profit, 4-year or above",Degree-granting,No,Required,Neither required nor recommended,Required,Neither required nor recommended,Neither required nor recommended,Neither required nor recommended,Neither required nor recommended,829,406,423,406,191,215,49,47,51,,,,,,,,,,
454786,Laurus College,2019,California,"Private for-profit, 4-year or above",Degree-granting,Yes,,,,,,,,,,,,,,,,,,,,,,,,,,
455433,The Chicago School of Professional Psychology at Anaheim,2019,California,"Private not-for-profit, 4-year or above",Degree-granting,Not applicable,,,,,,,,,,,,,,,,,,,,,,,,,,
455664,The Chicago School of Professional Psychology at Los Angeles,2019,California,"Private not-for-profit, 4-year or above",Degree-granting,No,Required,Required,Required,Considered but not required,Considered but not required,Neither required nor recommended,Considered but not required,207,172,35,27,4,23,13,2,66,,,,,,,,,,
455770,Providence Christian College,2019,California,"Private not-for-profit, 4-year or above",Degree-granting,No,Required,Recommended,Required,Required,Neither required nor recommended,Neither required nor recommended,Considered but not required,161,74,87,68,36,32,42,49,37,,,,,19,25,,,,
457086,Homestead Schools,2019,California,"Private not-for-profit, 4-year or above",Degree-granting,Yes,,,,,,,,,,,,,,,,,,,,,,,,,,
457271,Academy for Jewish Religion-California,2019,California,"Private not-for-profit, 4-year or above",Degree-granting,Not applicable,,,,,,,,,,,,,,,,,,,,,,,,,,
457299,Angeles College,2019,California,"Private for-profit, 4-year or above",Degree-granting,Yes,,,,,,,,,,,,,,,,,,,,,,,,,,
458210,West Coast University-Orange County,2019,California,"Private for-profit, 4-year or above",Degree-granting,Yes,,,,,,,,,,,,,,,,,,,,,,,,,,
458229,West Coast University-Ontario,2019,California,"Private for-profit, 4-year or above",Degree-granting,Yes,,,,,,,,,,,,,,,,,,,,,,,,,,
458575,Zaytuna College,2019,California,"Private not-for-profit, 4-year or above",Degree-granting,No,Considered but not required,Considered but not required,Required,Considered but not required,Required,Considered but not required,Recommended,17,8,9,12,6,6,71,75,67,,,,,,,,,,
459204,Unitek College,2019,California,"Private for-profit, 4-year or above",Degree-granting,Yes,,,,,,,,,,,,,,,,,,,,,,,,,,
459213,Gurnick Academy of Medical Arts,2019,California,"Private for-profit, 4-year or above",Degree-granting,Yes,,,,,,,,,,,,,,,,,,,,,,,,,,
459727,Touro University Worldwide,2019,California,"Private not-for-profit, 4-year or above",Degree-granting,Yes,,,,,,,,,,,,,,,,,,,,,,,,,,
459736,Touro University California,2019,California,"Private not-for-profit, 4-year or above",Degree-granting,Not applicable,,,,,,,,,,,,,,,,,,,,,,,,,,
460075,California University of Management and Sciences,2019,California,"Private not-for-profit, 4-year or above",Degree-granting,Yes,,,,,,,,,,,,,,,,,,,,,,,,,,
461148,New York Film Academy,2019,California,"Private for-profit, 4-year or above",Degree-granting,Yes,,,,,,,,,,,,,,,,,,,,,,,,,,
461643,Bergin University of Canine Studies,2019,California,"Private not-for-profit, 4-year or above",Degree-granting,Not applicable,,,,,,,,,,,,,,,,,,,,,,,,,,
462354,John Paul the Great Catholic University,2019,California,"Private not-for-profit, 4-year or above",Degree-granting,No,Required,Neither required nor recommended,Required,Recommended,Neither required nor recommended,Neither required nor recommended,Required,350,147,203,255,108,147,73,73,72,515,635,510,588,21,25,21,26,17,25
474863,Los Angeles Pacific University,2019,California,"Private not-for-profit, 4-year or above",Degree-granting,Yes,,,,,,,,,,,,,,,,,,,,,,,,,,
475228,The Santa Barbara and Ventura Colleges of Law at Santa Barbara,2019,California,"Private not-for-profit, 4-year or above",Degree-granting,Not applicable,,,,,,,,,,,,,,,,,,,,,,,,,,
475237,The University of America,2019,California,"Private not-for-profit, 4-year or above",Degree-granting,Yes,,,,,,,,,,,,,,,,,,,,,,,,,,
475635,Beverly Hills Design Institute,2019,California,"Private for-profit, 4-year or above",Degree-granting,No,Neither required nor recommended,Neither required nor recommended,Required,Neither required nor recommended,Neither required nor recommended,Required,Neither required nor recommended,50,5,45,19,4,15,38,80,33,,,,,,,,,,
476595,Medical Allied Career Center,2019,California,"Private for-profit, 4-year or above",Degree-granting,Yes,,,,,,,,,,,,,,,,,,,,,,,,,,
478634,California College San Diego,2019,California,"Private not-for-profit, 4-year or above",Degree-granting,Yes,,,,,,,,,,,,,,,,,,,,,,,,,,
480204,Platt College-Riverside,2019,California,"Private for-profit, 4-year or above",Degree-granting,Yes,,,,,,,,,,,,,,,,,,,,,,,,,,
480781,California Miramar University,2019,California,"Private for-profit, 4-year or above",Degree-granting,No,Required,Neither required nor recommended,Required,Neither required nor recommended,Neither required nor recommended,Neither required nor recommended,Neither required nor recommended,140,86,54,44,23,21,31,27,39,,,,,,,,,,
481058,Grace Mission University,2019,California,"Private not-for-profit, 4-year or above",Degree-granting,No,Neither required nor recommended,Neither required nor recommended,Required,Neither required nor recommended,Recommended,Neither required nor recommended,Neither required nor recommended,107,49,58,88,40,48,82,82,83,,,,,,,,,,
482431,DeVry University-California,2019,California,"Private for-profit, 4-year or above",Degree-granting,No,Required,Neither required nor recommended,Required,Neither required nor recommended,Neither required nor recommended,Neither required nor recommended,Recommended,132,88,44,126,86,40,95,98,91,,,,,,,,,,
483586,California International Business University,2019,California,"Private not-for-profit, 4-year or above",Degree-granting,Yes,,,,,,,,,,,,,,,,,,,,,,,,,,
484631,University of Phoenix-California,2019,California,"Private for-profit, 4-year or above",Degree-granting,Yes,,,,,,,,,,,,,,,,,,,,,,,,,,
484862,University of West Los Angeles,2019,California,"Private for-profit, 4-year or above",Degree-granting,Not applicable,,,,,,,,,,,,,,,,,,,,,,,,,,
485263,California College San Diego,2019,California,"Private not-for-profit, 4-year or above",Degree-granting,Yes,,,,,,,,,,,,,,,,,,,,,,,,,,
485403,High Tech High Graduate School of Education,2019,California,"Private not-for-profit, 4-year or above",Degree-granting,Not applicable,,,,,,,,,,,,,,,,,,,,,,,,,,
485546,California Intercontinental University,2019,California,"Private for-profit, 4-year or above",Degree-granting,Yes,,,,,,,,,,,,,,,,,,,,,,,,,,
486433,Presidio Graduate School,2019,California,"Private not-for-profit, 4-year or above",Degree-granting,Not applicable,,,,,,,,,,,,,,,,,,,,,,,,,,
486488,California Jazz Conservatory,2019,California,"Private not-for-profit, 4-year or above",Degree-granting,No,Required,Neither required nor recommended,Required,Neither required nor recommended,Required,Required,Neither required nor recommended,5,2,3,5,2,3,100,100,100,,,,,,,,,,
486965,Hussian College-Los Angeles,2019,California,"Private for-profit, 4-year or above",Degree-granting,No,Required,Neither required nor recommended,Neither required nor recommended,Neither required nor recommended,Required,Required,Neither required nor recommended,382,149,233,299,112,187,78,75,80,,,,,,,,,,
487649,California Institute of Advanced Management,2019,California,"Private not-for-profit, 4-year or above",Degree-granting,Not applicable,,,,,,,,,,,,,,,,,,,,,,,,,,
487995,Alhambra Medical University,2019,California,"Private for-profit, 4-year or above",Degree-granting,Not applicable,,,,,,,,,,,,,,,,,,,,,,,,,,
488031,Abraham Lincoln University,2019,California,"Private for-profit, 4-year or above",Degree-granting,Yes,,,,,,,,,,,,,,,,,,,,,,,,,,
488387,Claremont Lincoln University,2019,California,"Private not-for-profit, 4-year or above",Degree-granting,Not applicable,,,,,,,,,,,,,,,,,,,,,,,,,,
488572,California Health Sciences University,2019,California,"Private for-profit, 4-year or above",Degree-granting,Not applicable,,,,,,,,,,,,,,,,,,,,,,,,,,
488785,University of Saint Katherine,2019,California,"Private not-for-profit, 4-year or above",Degree-granting,No,Required,Considered but not required,Required,Required,Considered but not required,Neither required nor recommended,Required,81,45,36,78,44,34,96,98,94,448,545,448,563,17,18,15,19,17,20
488800,Teachers College of San Joaquin,2019,California,"Public, 4-year or above",Degree-granting,Not applicable,,,,,,,,,,,,,,,,,,,,,,,,,,
488846,University of the People,2019,California,"Private not-for-profit, 4-year or above",Degree-granting,Yes,,,,,,,,,,,,,,,,,,,,,,,,,,
489335,Institute of Buddhist Studies,2019,California,"Private not-for-profit, 4-year or above",Degree-granting,Not applicable,,,,,,,,,,,,,,,,,,,,,,,,,,
489353,Chamberlain University-California,2019,California,"Private for-profit, 4-year or above",Degree-granting,No,Required,Neither required nor recommended,Required,Neither required nor recommended,Neither required nor recommended,Neither required nor recommended,Recommended,6,1,5,1,0,1,17,0,20,,,,,,,,,,
489858,West Coast University-Center for Graduate Studies,2019,California,"Private for-profit, 4-year or above",Degree-granting,Not applicable,,,,,,,,,,,,,,,,,,,,,,,,,,
490045,Presbyterian Theological Seminary in America,2019,California,"Private not-for-profit, 4-year or above",Degree-granting,Yes,,,,,,,,,,,,,,,,,,,,,,,,,,
490063,Southern States University,2019,California,"Private for-profit, 4-year or above",Degree-granting,No,Considered but not required,Considered but not required,Considered but not required,Considered but not required,Required,Neither required nor recommended,Neither required nor recommended,30,22,8,27,19,8,90,86,100,,,,,,,,,,
490081,America Evangelical University,2019,California,"Private not-for-profit, 4-year or above",Degree-granting,Yes,,,,,,,,,,,,,,,,,,,,,,,,,,
490124,Los Angeles Academy of Figurative Art,2019,California,"Private for-profit, 4-year or above",Degree-granting,Yes,,,,,,,,,,,,,,,,,,,,,,,,,,
490133,Westcliff University,2019,California,"Private for-profit, 4-year or above",Degree-granting,No,Recommended,Neither required nor recommended,Required,Recommended,Neither required nor recommended,Neither required nor recommended,Recommended,337,239,98,302,215,87,90,90,89,,,,,,,,,,
490878,Platt College-Anaheim,2019,California,"Private for-profit, 4-year or above",Degree-granting,Yes,,,,,,,,,,,,,,,,,,,,,,,,,,
491190,The Chicago School of Professional Psychology at San Diego,2019,California,"Private not-for-profit, 4-year or above",Degree-granting,Not applicable,,,,,,,,,,,,,,,,,,,,,,,,,,
491491,Oikos University,2019,California,"Private not-for-profit, 4-year or above",Degree-granting,,,,,,,,,,,,,,,,,,,,,,,,,,,
491808,Meridian University,2019,California,"Private for-profit, 4-year or above",Degree-granting,Not applicable,,,,,,,,,,,,,,,,,,,,,,,,,,
492209,Reiss-Davis Graduate School,2019,California,"Private not-for-profit, 4-year or above",Degree-granting,Not applicable,,,,,,,,,,,,,,,,,,,,,,,,,,
493512,San Diego Global Knowledge University,2019,California,"Private for-profit, 4-year or above",Degree-granting,Yes,,,,,,,,,,,,,,,,,,,,,,,,,,
